ABDE Coffret;2;5.5;89.00;9782359660845;1
Apprentissage Dictionnaire illustré;2;5.5;24.90;9782359662238;1
Apprentissage Entrées culturelles;2;5.5;23.00;9782359662245;1
Bao Coffret 1;2;5.5;45.00;3600121201231;1
Bao Coffret 2;2;5.5;45.00;9782359660104;1
Bao Collector T1;2;5.5;15.00;9782359660388;1
Bao Collector T2;2;5.5;15.00;9782359660395;1
Bao Collector T3;2;5.5;15.00;9782359660401;1
Bao Collector T4;2;5.5;15.00;9782359660104;1
Bao Collector T5;2;5.5;15.00;9782359660104;1
Bao Collector T6;2;5.5;15.00;9782359660104;1
Bao Tome 1;2;5.5;8.90;9782359660005;1
Bao Tome 2;2;5.5;8.90;9782359660012;1
Bao Tome 3;2;5.5;8.90;9782359660067;1
Bao Tome 4;2;5.5;8.90;9782359660074;1
Bao Tome 5;2;5.5;8.90;9782359660081;1
Bao Tome 6;2;5.5;8.90;9782359660098;1
Minorité - Douze princesses;2;5.5;14.90;9782359662023;1
Minorité -Guo Lie le chasseur;2;5.5;14.90;9782359662030;1
Minorité - Le secret de la cascade;2;5.5;14.90;9782359662016;1
Minorité - Petit renard;2;5.5;14.90;9782359662009;1
Nankin;2;5.5;19.00;9782359660418;1
Ombre de Shanghai Tome 1;2;5.5;12.90;9782359660135;1
Ombre de Shanghai Tome 2;2;5.5;12.90;9782359660142;1
Ombre de Shanghai Tome 3;2;5.5;12.90;9782359660128;1
Opium;2;5.5;21.00;9782359660968;1
Petite fleur de Mandchourie;3;5.5;19.90;9782845634480;1
Pilleurs de Tombes;2;5.5;17.00;9782359660951;1
Quatre femmes;2;5.5;25.00;9782359660999;1
RPR Coffret;2;5.5;69.00;9782359662047;1
San Mao;2;5.5;33.00;9782359660982;1
Shi Xiu Tome 1;2;5.5;13.90;9782359660425;1
Shi Xiu Tome 2;2;5.5;13.90;9782359660432;1
Shi Xiu Tome 3;2;5.5;13.90;9782359660449;1
Shi Xiu Tome 4;2;5.5;16.50;9782359660456;1
Trois Royaumes Coffret;2;5.5;89.00;9782359661309;1
VVO Coffret;2;5.5;89.00;9782359661996;1
Yaya Integrale 1;2;5.5;19.00;9782359660852;1
Yaya Integrale 2;2;5.5;19.00;9782359660869;1
Yaya Integrale 3;2;5.5;19.00;9782359660876;1
Yaya Tome 1;2;5.5;8.90;9782359660258;1
Yaya Tome 2;2;5.5;8.90;9782359660265;1
Yaya Tome 3;2;5.5;8.90;9782359660272;1
Yaya Tome 4;2;5.5;8.90;9782359660289;1
Yaya Tome 5;2;5.5;8.90;9782359660296;1
Yaya Tome 6;2;5.5;8.90;9782359660302;1
Yaya Tome 7;2;5.5;8.90;9782359660319;1
Yaya Tome 8;2;5.5;8.90;9782359660326;1
Yaya Tome 9;2;5.5;8.90;9782359660333;1